Nomer;Company;Code;Year;RS;ROA;ROE;NPM
1;Astra Agro Lestari;AALI;2018;-0,070454545;0,056623036;0,078087822;0,079684142
1;Astra Agro Lestari;AALI;2019;0,257799511;0,009031952;0,012837087;0,013959359
1;Astra Agro Lestari;AALI;2020;-0,14602286;0,0321489;0,046435399;0,047523633
1;Astra Agro Lestari;AALI;2021;-0,208686151;0,068005539;0,097649856;0,084999503
1;Astra Agro Lestari;AALI;2022;-0,122540559;0,061267052;0,080564672;0,082092629
2;ABM Investama;ABMM;2018;-0,013266998;0,078910827;0,271268783;0,086963833
2;ABM Investama;ABMM;2019;-0,313165266;0,004558497;0,015881302;0,006573317
2;ABM Investama;ABMM;2020;-0,498368679;-0,04562175;-0,233324472;-0,062235429
2;ABM Investama;ABMM;2021;0,868292683;0,179592246;0,521686014;0,182200193
2;ABM Investama;ABMM;2022;1,514360313;0,172067379;0,552429796;0,2359949
3;Ace Hardware Indonesia;ACES;2018;0,315;0,183480549;0,230504073;0,134851791
3;Ace Hardware Indonesia;ACES;2019;0,020532319;0,175095436;0,2185767;0,127304211
3;Ace Hardware Indonesia;ACES;2020;0,160208644;0,100910722;0,140036766;0,09865368
3;Ace Hardware Indonesia;ACES;2021;-0,236351959;0,098312648;0,126366732;0,107748739
3;Ace Hardware Indonesia;ACES;2022;-0,603027754;0,092978342;0,113582744;0,099659914
4;Adhi Karya (Persero);ADHI;2018;-0,148839842;0,021435516;0,102625471;0,041201431
4;Adhi Karya (Persero);ADHI;2019;-0,240691489;0,01793874;0,095847166;0,042791612
4;Adhi Karya (Persero);ADHI;2020;0,3441331;0,000622226;0,004251804;0,002189111
4;Adhi Karya (Persero);ADHI;2021;-0,416938111;0,002167901;0,015288879;0,007501861
4;Adhi Karya (Persero);ADHI;2022;-0,459217877;0,004381738;0,019856545;0,012931572
5;ADARO ENERGY;ADRO;2018;-0,303669725;0,067695794;0,111085289;0,132044199
5;ADARO ENERGY;ADRO;2019;0,338603426;0,060274352;0,10921416;0,125831646
5;ADARO ENERGY;ADRO;2020;-0,000984252;0,02491382;0,040232794;0,062721893
5;ADARO ENERGY;ADRO;2021;0,786206897;0,135494926;0,23059668;0,257450538
5;ADARO ENERGY;ADRO;2022;0,790402648;0,262567242;0,433736786;0,349419896
6;Aneka Gas Industri;AGII;2018;0,124369748;0,015116051;0,031683161;0,048103999
6;Aneka Gas Industri;AGII;2019;0,028400598;0,014381326;0,030601316;0,045820576
6;Aneka Gas Industri;AGII;2020;0,296511628;0,013538239;0,028506204;0,044060381
6;Aneka Gas Industri;AGII;2021;0,686098655;0,025902681;0,059025796;0,077217758
6;Aneka Gas Industri;AGII;2022;0,286569149;0,014753786;0,038537464;0,039769352
7;Bank Rakyat Indonesia Agroniaga;AGRO;2018;-0,405405405;0,008759367;0,046157278;0,122748723
7;Bank Rakyat Indonesia Agroniaga;AGRO;2019;-0,357142857;0,001886403;0,011393211;0,024849161
7;Bank Rakyat Indonesia Agroniaga;AGRO;2020;4,227272727;0,001115847;0,007290872;0,016184621
7;Bank Rakyat Indonesia Agroniaga;AGRO;2021;0,748792271;-0,180576707;-1,239267141;-1,849033958
7;Bank Rakyat Indonesia Agroniaga;AGRO;2022;-0,77679558;0,000824605;0,003381736;0,011127509
8;AKR Corporindo;AKRA;2018;-0,291666667;0,060668729;0,066788895;0,028155138
8;AKR Corporindo;AKRA;2019;-0,036764706;0,03124854;0,066454753;0,030825232
8;AKR Corporindo;AKRA;2020;-0,163358779;0,05149066;0,091133005;0,054301197
8;AKR Corporindo;AKRA;2021;0,344890511;0,048279382;0,100451367;0,044151398
8;AKR Corporindo;AKRA;2022;0,766621438;0,091179932;0,188445458;0,052145562
9;Sumber Alfaria Trijaya;AMRT;2018;0,545454545;0,030155507;0,111079278;0,010003786
9;Sumber Alfaria Trijaya;AMRT;2019;-0,061085973;0,047468871;0,165432483;0,015612971
9;Sumber Alfaria Trijaya;AMRT;2020;-0,065060241;0,048912317;0,157879868;0,016686286
9;Sumber Alfaria Trijaya;AMRT;2021;0,534793814;0,071722113;0,208219463;0,023120737
9;Sumber Alfaria Trijaya;AMRT;2022;1,204869857;0,094563619;0,253470192;0,029997291
10;Aneka Tambang (Persero);ANTM;2018;0,226876091;0,04833493;0,084352168;0,061651415
10;Aneka Tambang (Persero);ANTM;2019;0,115220484;0,031648049;0,052698829;0,029206988
10;Aneka Tambang (Persero);ANTM;2020;1,316326531;0,064050784;0,106741529;0,074246158
10;Aneka Tambang (Persero);ANTM;2021;0,171255507;0,083185306;0,131406962;0,071221154
10;Aneka Tambang (Persero);ANTM;2022;-0,10390221;0,117187572;0,166239036;0,085822754
12;Bank Artos Indonesia;ARTO;2018;0,095238095;-0,027612032;-0,15881793;-0,667357551
12;Bank Artos Indonesia;ARTO;2019;15,84782609;-0,089924205;-0,174396157;-10,33
12;Bank Artos Indonesia;ARTO;2020;0,150322581;-0,086962406;-0,15382774;-2,932476332
12;Bank Artos Indonesia;ARTO;2021;3,486819966;0,006986765;0,01042784;0,145868165
12;Bank Artos Indonesia;ARTO;2022;-0,7675;0,000937974;0,001925637;0,011761306
13;Astra International;ASII;2018;0,017681114;0,079405647;0,156982846;0,114429046
13;Astra International;ASII;2019;-0,132533825;0,075636866;0,14253894;0,112246275
13;Astra International;ASII;2020;-0,096419709;0,054910808;0,095014684;0,106092113
13;Astra International;ASII;2021;-0,031188701;0,069657593;0,118665213;0,109583057
13;Astra International;ASII;2022;0,040291557;0,097798919;0,165846053;0,134116843
14;Adi Sarana Armada;ASSA;2018;0,87628866;0,035013114;0,124947844;0,076353301
14;Adi Sarana Armada;ASSA;2019;1,032967033;0,018892717;0,068463822;0,039248623
14;Adi Sarana Armada;ASSA;2020;-0,141891892;0,012309245;0,044393186;0,021036697
14;Adi Sarana Armada;ASSA;2021;4,228346457;0,026455969;0,090388149;0,031363611
14;Adi Sarana Armada;ASSA;2022;-0,766566265;0,000509601;0,001499075;0,000630995
15;Bank Central Asia;BBCA;2018;0,200252207;0,031343812;0,170355776;0,410127868
15;Bank Central Asia;BBCA;2019;0,301323808;0,031088511;0,164060571;0,39889421
15;Bank Central Asia;BBCA;2020;0,033424834;0,025239617;0,146966949;0,361165436
15;Bank Central Asia;BBCA;2021;0,09703125;0,025595415;0,154992137;0,400647356
15;Bank Central Asia;BBCA;2022;0,19384703;0,030999474;0,184264542;0,46591065
16;Bank Bukopin;BBKP;2018;-0,538983051;0,001986221;0,022103833;0,023803104
16;Bank Bukopin;BBKP;2019;-0,176470588;0,002161778;0,02433882;0,027914097
16;Bank Bukopin;BBKP;2020;1,566964286;-0,04907354;-0,463343279;-0,738997462
16;Bank Bukopin;BBKP;2021;-0,530434783;-0,035240725;-0,238077227;-0,745450924
16;Bank Bukopin;BBKP;2022;-0,622222222;-0,057176908;-0,458753429;-1,246322908
17;Bank Negara Indonesia ;BBNI;2018;-0,058887976;0,019308813;0,136735101;0,278763922
17;Bank Negara Indonesia ;BBNI;2019;-0,064027939;0,0190647;0,12406803;0,264966172
17;Bank Negara Indonesia ;BBNI;2020;-0,16449005;0,003865637;0,029422709;0,05912093
17;Bank Negara Indonesia ;BBNI;2021;0,11016003;0,011377039;0,086760986;0,219425899
17;Bank Negara Indonesia ;BBNI;2022;0,418370768;0,017946529;0,131827843;0,338132787
18;Bank Rakyat Indonesia (Persero);BBRI;2018;0,033390119;0,024996938;0,174974649;0,417410207
18;Bank Rakyat Indonesia (Persero);BBRI;2019;0,241015496;0,024290531;0,164829535;0,421184189
18;Bank Rakyat Indonesia (Persero);BBRI;2020;-0,018862912;0,011589836;0,081320637;0,199397017
18;Bank Rakyat Indonesia (Persero);BBRI;2021;0,007040347;0,018339674;0,105473468;0,269739428
18;Bank Rakyat Indonesia (Persero);BBRI;2022;0,249798333;0,027555281;0,169442981;0,412595623
19;Bank Tabungan Negara (Persero);BBTN;2018;-0,278723404;0,009762462;0,117779792;0,135116396
19;Bank Tabungan Negara (Persero);BBTN;2019;-0,149178255;0,000713507;0,008779212;0,00899227
19;Bank Tabungan Negara (Persero);BBTN;2020;-0,184744923;0,004693987;0,080166621;0,069827882
19;Bank Tabungan Negara (Persero);BBTN;2021;0,003037667;0,006806718;0,111004166;0,101488063
19;Bank Tabungan Negara (Persero);BBTN;2022;-0,210781345;0,008070993;0,11752794;0,131065587
20;Bank Danamon Indonesia ;BDMN;2018;0,117326057;0,019120592;0,085145446;0,250754863
20;Bank Danamon Indonesia ;BDMN;2019;-0,471655329;0,019986152;0,085166347;0,265313122
20;Bank Danamon Indonesia ;BDMN;2020;-0,042588313;0,005416843;0,024892468;0,079277179
20;Bank Danamon Indonesia ;BDMN;2021;-0,241034483;0,008678144;0,036905104;0,121335564
20;Bank Danamon Indonesia ;BDMN;2022;0,189459337;0,017346975;0,072243987;0,242917847
21;BFI Finance Indonesia;BFIN;2018;-0,001908397;0,076790291;0,236621534;0,292546831
21;BFI Finance Indonesia;BFIN;2019;-0,087954111;0,037297014;0,117105263;0,135851937
21;BFI Finance Indonesia;BFIN;2020;0,044025157;0,046181172;0,10626703;0,153610503
21;BFI Finance Indonesia;BFIN;2021;1,158634538;0,072333078;0,152220727;0,274314819
21;BFI Finance Indonesia;BFIN;2022;-0,04372093;0,082398541;0,206372773;0,33568642
22;Bank Mandiri (Persero);BMRI;2018;-0,004334778;0,030153995;0,183720183;0,592727722
22;Bank Mandiri (Persero);BMRI;2019;0,074012056;0,028675767;0,166465714;0,594820236
22;Bank Mandiri (Persero);BMRI;2020;-0,134081696;0,013221372;0,089882549;0,287328272
22;Bank Mandiri (Persero);BMRI;2021;0,148361541;0,019726886;0,137548605;0,40816196
22;Bank Mandiri (Persero);BMRI;2022;0,48040138;0,025024392;0,178208832;0,497419992
23;Global Mediacom;BMTR;2018;-0,585616438;0,046653978;0,094492822;0,115558362
23;Global Mediacom;BMTR;2019;0,438016529;0,076851365;0,133405264;0,17913937
23;Global Mediacom;BMTR;2020;-0,166666667;0,05582585;0,086653252;0,14928845
23;Global Mediacom;BMTR;2021;-0,103448276;0,071863723;0,102652153;0,175373881
23;Global Mediacom;BMTR;2022;0,069230769;0,057385976;0,077333574;0,168460117
24;Bank Shariah Indonesia ;BRIS;2018;-0,510076253;0,004158342;0,031327686;0,05046715
24;Bank Shariah Indonesia ;BRIS;2019;-0,369649805;0,002745093;0,023265952;0,03728603
24;Bank Shariah Indonesia ;BRIS;2020;5,820987654;0,009131126;0,100613274;0,129220421
24;Bank Shariah Indonesia ;BRIS;2021;-0,209049774;0,011414737;0,121060726;0,170043326
24;Bank Shariah Indonesia ;BRIS;2022;-0,266018307;0,013934575;0,127148319;0,217102956
25;Bumi Resources Minerals;BRMS;2018;-0,242424242;-0,007016939;-0,009340031;-4,100676819
25;Bumi Resources Minerals;BRMS;2019;0,04;-0,001012616;-0,0013876;-0,161883408
25;Bumi Resources Minerals;BRMS;2020;0,480769231;-0,216491936;-0,261613345;-15,26165648
25;Bumi Resources Minerals;BRMS;2021;0,805194805;0,000879194;0,00097996;0,081489885
25;Bumi Resources Minerals;BRMS;2022;0,143884892;0,000984052;0,001112953;0,091291652
26;Barito Pacific;BRPT;2018;0,075342466;0,034372213;0,08958632;0,078706291
26;Barito Pacific;BRPT;2019;2,163481953;0,019127218;0,049851096;0,057182911
26;Barito Pacific;BRPT;2020;-0,271812081;0,019179623;0,0497886;0,063183915
26;Barito Pacific;BRPT;2021;-0,220276498;0,032030013;0,069291942;0,093802049
26;Barito Pacific;BRPT;2022;-0,109929078;0,00348282;0,008654189;0,010876128
27;Bumi Serpong Damai;BSDE;2018;-0,261764706;0,032663518;0,056189908;0,256731629
27;Bumi Serpong Damai;BSDE;2019;0;0,057490765;0,093302793;0,441797612
27;Bumi Serpong Damai;BSDE;2020;0;0,007989396;0,01410625;0,078675026
27;Bumi Serpong Damai;BSDE;2021;-0,195219124;0,025034134;0,042872155;0,201029498
27;Bumi Serpong Damai;BSDE;2022;-0,089108911;0,040875545;0,069834553;0,259576102
28;Baramulti Suksessarana;BSSR;2018;0,288659794;0,281775935;0,459565209;0,155746541
28;Baramulti Suksessarana;BSSR;2019;-0,203;0,121537903;0,178884081;0,072872393
28;Baramulti Suksessarana;BSSR;2020;-0,030112923;0,11589448;0,160314325;0,092076642
28;Baramulti Suksessarana;BSSR;2021;1,913324709;0,47129901;0,812170443;0,296749073
28;Baramulti Suksessarana;BSSR;2022;0,603019538;0,592584542;1,088077214;0,233131684
29;Bank Tabungan Pensiunan Nasional Syariah;BTPS;2018;-0,324474368;0,08018016;0,24151299;0,280022197
29;Bank Tabungan Pensiunan Nasional Syariah;BTPS;2019;1,367809058;0,090985539;0,259512508;0,314005715
29;Bank Tabungan Pensiunan Nasional Syariah;BTPS;2020;-0,098216593;0,051999619;0,145373446;0,211670465
29;Bank Tabungan Pensiunan Nasional Syariah;BTPS;2021;-0,035826884;0,079002177;0,206487054;0,313447695
29;Bank Tabungan Pensiunan Nasional Syariah;BTPS;2022;-0,205707491;0,084093281;0,211653313;0,3311592
30;Charoen Pokphand Indonesia;CPIN;2018;1,445620438;0,163413936;0,234343345;0,096578458
30;Charoen Pokphand Indonesia;CPIN;2019;-0,078644978;0,125121954;0,17430373;0,085697124
30;Charoen Pokphand Indonesia;CPIN;2020;0,017168772;0,12342492;0,164706005;0,090450216
30;Charoen Pokphand Indonesia;CPIN;2021;-0,071496815;0,102099103;0,143897024;0,070002564
30;Charoen Pokphand Indonesia;CPIN;2022;-0,031040988;0,073539211;0,111305245;0,051529516
31;Ciputra Development;CTRA;2018;-0,139492754;0,062689986;0,129148183;0,28024309
31;Ciputra Development;CTRA;2019;0,038947368;0,060430228;0,123149826;0,287495513
31;Ciputra Development;CTRA;2020;-0,04154002;0,067458321;0,151687513;0,328109936
31;Ciputra Development;CTRA;2021;-0,005285412;0,082808325;0,173643848;0,346125776
31;Ciputra Development;CTRA;2022;-0,015940489;0,073112956;0,146493423;0,335671576
32;Delta Dunia Makmur;DOID;2018;-0,265912306;0,064189189;0,290076336;0,085201794
32;Delta Dunia Makmur;DOID;2019;-0,468208092;0,016920474;0,071174377;0,022675737
32;Delta Dunia Makmur;DOID;2020;0,260869565;-0,023613963;-0,087121212;-0,03820598
32;Delta Dunia Makmur;DOID;2021;-0,25;0,000171149;0,001052632;0,000307355
32;Delta Dunia Makmur;DOID;2022;0,149425287;0,01845958;0,11328125;0,025129983
33;Dharma Satya Nusantara;DSNG;2018;-0,039325843;0,036395684;0,116766722;0,08972333
33;Dharma Satya Nusantara;DSNG;2019;0,184210526;0,015331447;0,04774477;0,031056966
33;Dharma Satya Nusantara;DSNG;2020;0,348148148;0,033789708;0,07674378;0,071380333
33;Dharma Satya Nusantara;DSNG;2021;-0,163003663;0,0539411;0,105281175;0,103817744
33;Dharma Satya Nusantara;DSNG;2022;0,240700219;0,078568015;0,147863517;0,125246856
34;Elnusa;ELSA;2018;-0,064189189;0,048842148;0,083727047;0,041709498
34;Elnusa;ELSA;2019;-0,090252708;0,052384285;0,099666508;0,042513037
34;Elnusa;ELSA;2020;0,21031746;0,032935589;0,066583693;0,032236026
34;Elnusa;ELSA;2021;-0,183606557;0,015045494;0,028811048;0,01337813
34;Elnusa;ELSA;2022;0,156626506;0,042785671;0,09182381;0,030721537
35;"	Elang Mahkota Teknologi";EMTK;2018;-0,114072495;-0,118076966;-0,149085313;-0,257318883
35;"	Elang Mahkota Teknologi";EMTK;2019;-0,335740072;-0,134346672;-0,192605197;-0,211088188
35;"	Elang Mahkota Teknologi";EMTK;2020;1,510869565;0,096029434;0,13851117;0,143879227
35;"	Elang Mahkota Teknologi";EMTK;2021;0,628427128;0,157719062;0,17879705;0,468814005
35;"	Elang Mahkota Teknologi";EMTK;2022;-0,432432432;0,122829387;0,136906403;0,351835152
36;Energi Mega Persada;ENRG;2018;-0,438202247;-0,345983825;-0,634702343;-0,612484824
36;Energi Mega Persada;ENRG;2019;0;0,045727343;0,078539108;0,03619534
36;Energi Mega Persada;ENRG;2020;1,58;0,004978318;0,010564872;0,00465656
36;Energi Mega Persada;ENRG;2021;-0,209302326;0,013263305;0,020595553;0,00979435
36;Energi Mega Persada;ENRG;2022;1,882352941;0,02694183;0,070904596;0,037675211
37;Erajaya Swasembada;ERAA;2018;2,081967213;0,070121255;0,184295773;0,025596836
37;Erajaya Swasembada;ERAA;2019;-0,143617021;0,039120095;0,09365587;0,01053729
37;Erajaya Swasembada;ERAA;2020;0,223602484;0,059865303;0,117997973;0,0196747
37;Erajaya Swasembada;ERAA;2021;0,398477157;0,098302399;0,172988916;0,025718766
37;Erajaya Swasembada;ERAA;2022;-0,317604356;0,063110637;0,149462096;0,021761122
38;Surya Esa Perkasa;ESSA;2018;0,666666667;0,043447846;0,127317358;0,267669092
38;Surya Esa Perkasa;ESSA;2019;-0,167213115;0,000657872;0,001909634;0,002654217
38;Surya Esa Perkasa;ESSA;2020;-0,216535433;-0,042381002;-0,107665662;-0,191255398
38;Surya Esa Perkasa;ESSA;2021;1,522613065;0,017736491;0,047722429;0,047304712
38;Surya Esa Perkasa;ESSA;2022;0,737051793;0,027415057;0,043379447;0,031155587
39;XL Axiata;EXCL;2018;-0,001978239;-0,076300899;-0,239655454;-0,191122125
39;XL Axiata;EXCL;2019;0,00049554;0,018238342;0,059826378;0,045487078
39;XL Axiata;EXCL;2020;0,000495295;0,002155172;0,0076292;0,0056115
39;XL Axiata;EXCL;2021;0,00049505;0,023412013;0,084183548;0,063812299
39;XL Axiata;EXCL;2022;0,000494805;0,015502188;0,052494762;0,04638009
40;Gudang Garam;GGRM;2018;0,036996689;0,112784105;0,172667866;0,083726772
40;Gudang Garam;GGRM;2019;-0,344423864;0,138312966;0,21363719;0,100066222
40;Gudang Garam;GGRM;2020;-0,226432201;0,097807791;0,13068022;0,067938602
40;Gudang Garam;GGRM;2021;-0,200746838;0,062306011;0,094543501;0,045541118
40;Gudang Garam;GGRM;2022;-0,412679467;0,031316585;0,048045901;0,022563014
41;Medikaloka Hermina;HEAL;2018;-0,191146881;0,045795857;0,080610742;0,062465113
41;Medikaloka Hermina;HEAL;2019;-0,413290689;0,068132827;0,12440883;0,094719274
41;Medikaloka Hermina;HEAL;2020;-0,236220472;0,101591219;0,190894208;0,146202867
41;Medikaloka Hermina;HEAL;2021;-0,321966693;0,171334927;0,296328873;0,223324146
41;Medikaloka Hermina;HEAL;2022;-0,07251462;0,645698437;1,046171859;12,94128673
42;HM Sampoerna;HMSP;2018;-0,191146881;0,290502554;0,382883647;0,126829177
42;HM Sampoerna;HMSP;2019;-0,413290689;0,269571538;0,384585202;0,129385696
42;HM Sampoerna;HMSP;2020;-0,236220472;0,172746306;0,283753844;0,092842846
42;HM Sampoerna;HMSP;2021;-0,321966693;0,134432096;0,244493166;0,072182048
42;HM Sampoerna;HMSP;2022;-0,07251462;0,115428843;0,224494143;0,056864878
43;Harum Energy;HRUM;2018;-0,262247839;0,085910322;0,103491503;0,119406487
43;Harum Energy;HRUM;2019;-0,02734375;0,045015559;0,050357498;0,076628965
43;Harum Energy;HRUM;2020;1,257028112;0,122868865;0,134419713;0,388242227
43;Harum Energy;HRUM;2021;2,491103203;0,112401776;0,150909018;0,268486379
43;Harum Energy;HRUM;2022;-0,174311927;0,296974128;0,382729735;0,419898788
44;Indofood CBP Sukses Makmur;ICBP;2018;0,227971846;0,135559487;0,205168405;0,121280595
44;Indofood CBP Sukses Makmur;ICBP;2019;0,081838446;0,138468017;0,200966589;0,126723834
44;Indofood CBP Sukses Makmur;ICBP;2020;-0,121173469;0,071675494;0,146439583;0,159057482
44;Indofood CBP Sukses Makmur;ICBP;2021;-0,06787987;0,067041307;0,144008256;0,139284941
44;Indofood CBP Sukses Makmur;ICBP;2022;0,177985387;0,049626427;0,099563273;0,088308963
45;Vale Indonesia;INCO;2018;0,111189802;0,040275496;0,051119895;0,077889046
45;Vale Indonesia;INCO;2019;0,133843212;0,025824587;0,029561831;0,073400408
45;Vale Indonesia;INCO;2020;0,401068016;0,035780232;0,040991631;0,108296371
45;Vale Indonesia;INCO;2021;-0,073821464;0,067047526;0,076955211;0,177290002
45;Vale Indonesia;INCO;2022;0,517218973;0,07539212;0,085103916;0,169910263
46;Indofood Sukses Makmur;INDF;2018;0,022670859;0,05139852;0,099403407;0,067605699
46;Indofood Sukses Makmur;INDF;2019;0,09012945;0,061359521;0,108900881;0,077065789
46;Indofood Sukses Makmur;INDF;2020;-0,098411756;0,053689978;0,109876466;0,10708356
46;Indofood Sukses Makmur;INDF;2021;-0,035232137;0,062640638;0,129097044;0,113036712
46;Indofood Sukses Makmur;INDF;2022;0,108020478;0,050947358;0,098187411;0,082868252
47;Indika Energy;INDY;2018;-0,450980392;0,026665744;0,086819898;0,033029573
47;Indika Energy;INDY;2019;-0,194250871;0,001380469;0,004773498;0,001793957
47;Indika Energy;INDY;2020;0,632432432;-0,029609566;-0,119275173;-0,057032483
47;Indika Energy;INDY;2021;-0,106622517;0,017151947;0,071647696;0,020629742
47;Indika Energy;INDY;2022;0,841363973;0,055803339;0,149644859;0,046263936
48;Indah Kiat Pulp & Paper;INKP;2018;1,151778809;0,102159753;0,237040965;0,268033819
48;Indah Kiat Pulp & Paper;INKP;2019;-0,325276305;0,065913127;0,139900642;0,173864483
48;Indah Kiat Pulp & Paper;INKP;2020;0,361299774;0,062533839;0,12481793;0,177930342
48;Indah Kiat Pulp & Paper;INKP;2021;-0,244668362;0,095584959;0,180108712;0,244042541
48;Indah Kiat Pulp & Paper;INKP;2022;0,122134439;0,118051594;0,203043602;0,284340179
49;Indocement Tunggal Prakarsa;INTP;2018;-0,125398204;0,041239339;0,049349755;0,075444371
49;Indocement Tunggal Prakarsa;INTP;2019;0,06;0,066228751;0,079506066;0,115126419
49;Indocement Tunggal Prakarsa;INTP;2020;-0,216668749;0,066047396;0,081439394;0,127326565
49;Indocement Tunggal Prakarsa;INTP;2021;-0,098341043;0,068411387;0,086707725;0,121039805
49;Indocement Tunggal Prakarsa;INTP;2022;-0,138257408;0,071656423;0,09413809;0,112812347
50;Indosat;ISAT;2018;-0,641006098;-0,039959753;-0,186592209;-0,090105663
50;Indosat;ISAT;2019;0,727530078;0,058716688;0,285334779;0,139002584
50;Indosat;ISAT;2020;0,735354363;-0,010208015;-0,053089592;-0,022567026
50;Indosat;ISAT;2021;0,367563739;0,108208669;0,665850028;0,218556551
50;Indosat;ISAT;2022;0,031417228;0,047156587;0,169862566;0,114864955
51;Indo Tambangraya Megah;ITMG;2018;0,105920893;0,179351894;0,266818453;0,128886299
51;Indo Tambangraya Megah;ITMG;2019;-0,345693911;0,104630033;0,143026575;0,073736646
51;Indo Tambangraya Megah;ITMG;2020;0,264922871;0,032648932;0,044698626;0,031913314
51;Indo Tambangraya Megah;ITMG;2021;0,67033404;0,28530721;0,395644325;0,228903613
51;Indo Tambangraya Megah;ITMG;2022;1,38219189;0,454266892;0,614960416;0,329833538
52;Jaya Konstruksi Manggala Pratama;JKON;2018;-0,318982387;0,041974649;0,078086084;0,045162182
52;Jaya Konstruksi Manggala Pratama;JKON;2019;0,385057471;-0,007530272;-0,013755821;-0,0106636
52;Jaya Konstruksi Manggala Pratama;JKON;2020;-0,195020747;0,011353872;0,019318936;0,017199005
52;Jaya Konstruksi Manggala Pratama;JKON;2021;-0,690721649;0,048799169;0,076317426;0,036974869
52;Jaya Konstruksi Manggala Pratama;JKON;2022;-0,041666667;0,066932003;0,093719777;0,052009922
53;JAPFA Comfeed Indonesia;JPFA;2018;0,750972763;0,100451953;0,23452729;0,066245357
53;JAPFA Comfeed Indonesia;JPFA;2019;-0,244444444;0,078009521;0,174880972;0,051271793
53;JAPFA Comfeed Indonesia;JPFA;2020;-0,029411765;0,047083666;0,107072136;0,032415284
53;JAPFA Comfeed Indonesia;JPFA;2021;0,196212121;0,07453381;0,162630173;0,046601588
53;JAPFA Comfeed Indonesia;JPFA;2022;-0,217859405;0,04560693;0,109187503;0,029875668
54;Jasa Marga;JSMR;2018;-0,322358722;0,024703042;0,100797069;0,208094849
54;Jasa Marga;JSMR;2019;0,219240996;0,020806581;0,08945053;0,188820102
54;Jasa Marga;JSMR;2020;-0,102101507;-0,000403509;-0,001695189;-0,004380476
54;Jasa Marga;JSMR;2021;-0,159858688;0,008603064;0,034156863;0,073963995
54;Jasa Marga;JSMR;2022;-0,23390276;0,025499512;0,090706842;0,168613509
55;Kalbe Farma;KLBF;2018;-0,082392027;0,13761896;0,163277419;0,118497947
55;Kalbe Farma;KLBF;2019;0,086169442;0,125222616;0,151901442;0,112117202
55;Kalbe Farma;KLBF;2020;-0,07;0,124073115;0,153185075;0,121129442
55;Kalbe Farma;KLBF;2021;0,112544803;0,125922545;0,151980934;0,123071627
55;Kalbe Farma;KLBF;2022;0,322164948;0,089939975;0,11087689;0,084679791
56;Matahari Department Store ;LPPF;2018;-0,411346548;0,217854023;0,60425157;0,061414802
56;Matahari Department Store ;LPPF;2019;-0,180678124;0,282832254;0,782606206;0,075791516
56;Matahari Department Store ;LPPF;2020;-0,697278912;-0,138184235;-1,502667355;-0,101550234
56;Matahari Department Store ;LPPF;2021;2,336142322;0,156019278;0,907455268;0,088770688
56;Matahari Department Store ;LPPF;2022;0,194499018;0,240548155;2,384005515;0,111428871
57;"	PP London Sumatra Indonesia";LSIP;2018;-0,084670232;0,0328202;0,039536881;0,081949906
57;"	PP London Sumatra Indonesia";LSIP;2019;0,208373905;0,024706312;0,029726422;0,068288732
57;"	PP London Sumatra Indonesia";LSIP;2020;-0,059629331;0,065564946;0,076947732;2,007596974
57;"	PP London Sumatra Indonesia";LSIP;2021;-0,122536418;0,083672896;0,097300703;0,219121846
57;"	PP London Sumatra Indonesia";LSIP;2022;-0,107421875;0,083376332;0,094670148;0,225781118
58;Mitra Adiperkasa;MAPI;2018;0,305140962;0,064434418;0,134279116;0,043020982
58;Mitra Adiperkasa;MAPI;2019;0,326556544;0,083518691;0,157937585;0,053941332
58;Mitra Adiperkasa;MAPI;2020;-0,250957854;-0,033150111;-0,089000456;-0,039401899
58;Mitra Adiperkasa;MAPI;2021;-0,101023018;0,027910305;0,065454545;0,02540165
58;Mitra Adiperkasa;MAPI;2022;1,035561878;0,11946776;0,257504112;0,092994766
59;Merdeka Copper Gold ;MDKA;2018;0,707317073;0,072565484;0,137138797;0,197005784
59;Merdeka Copper Gold ;MDKA;2019;0,528571429;0,072855341;0,13220145;0,17238806
59;Merdeka Copper Gold ;MDKA;2020;1,271028037;0,03108864;0,051277502;0,089779435
59;Merdeka Copper Gold ;MDKA;2021;0,600823045;0,026122321;0,042853477;0,087664042
59;Merdeka Copper Gold ;MDKA;2022;0,059125964;0,016715679;0,032003161;0,074491321
60;Medco Energi Internasional;MEDC;2018;-0,23154848;-0,005401728;-0,020451811;-0,023289125
60;Medco Energi Internasional;MEDC;2019;0,263653484;0,002258432;0,01007192;0,009845746
60;Medco Energi Internasional;MEDC;2020;-0,193740686;-0,001129291;-0,005493727;-0,006097282
60;Medco Energi Internasional;MEDC;2021;-0,210720887;0,002824302;0,013058269;0,0128208
60;Medco Energi Internasional;MEDC;2022;1,31381733;0,00198791;0,007885465;0,005959622
61;Mitra Keluarga Karyasehat;MIKA;2018;-0,129618768;0,129432729;0,148033448;0,242799807
61;Mitra Keluarga Karyasehat;MIKA;2019;0,711590296;0,141930943;0,165131782;0,246930987
61;Mitra Keluarga Karyasehat;MIKA;2020;0,031496063;0,144920365;0,167384013;0,270073228
61;Mitra Keluarga Karyasehat;MIKA;2021;-0,160305344;0,198444797;0,229787495;0,312787799
61;Mitra Keluarga Karyasehat;MIKA;2022;0,43;0,158130929;0,178405854;0,27018575
62;Media Nusantara Citra ;MNCN;2018;-0,453877551;0,281869478;0,432765364;0,618710341
62;Media Nusantara Citra ;MNCN;2019;1,394618834;0,132064908;0,188164657;0,281626506
62;Media Nusantara Citra ;MNCN;2020;-0,300249688;0,098874637;0,129376299;0,235164911
62;Media Nusantara Citra ;MNCN;2021;-0,203389831;0,125966812;0,148076089;0,262614752
62;Media Nusantara Citra ;MNCN;2022;-0,178051512;0,100090007;0,112723055;0,247558964
63;Mitra Pinasthika Mustika;MPMX;2018;-0,068376068;0,309972369;0,422169004;0,232918082
63;Mitra Pinasthika Mustika;MPMX;2019;0,097859327;0,048724383;0,064134324;0,027708408
63;Mitra Pinasthika Mustika;MPMX;2020;-0,133704735;0,014549403;0,021189121;0,013281792
63;Mitra Pinasthika Mustika;MPMX;2021;1,694533762;0,041742655;0,065825212;0,034584068
63;Mitra Pinasthika Mustika;MPMX;2022;0,173031026;0,074474069;0,106998545;0,05195009
64;MNC Studios International;MSIN;2018;-0,653301887;0,080528525;0,10862562;0,140474867
64;MNC Studios International;MSIN;2019;0,353741497;0,101728551;0,155397477;0,119944543
64;MNC Studios International;MSIN;2020;-0,105527638;0,057756986;0,088223892;0,118747687
64;MNC Studios International;MSIN;2021;12,93258427;0,073764965;0,090856534;0,130382291
64;MNC Studios International;MSIN;2022;0,943548387;0,052127676;0,161454365;0,096867993
65;Mayora Indah;MYOR;2018;0,308270677;0,149382442;0,307624052;0,109218803
65;Mayora Indah;MYOR;2019;-0,208128079;0,166628769;0,32043275;0,126755028
65;Mayora Indah;MYOR;2020;0,339554173;0,143138819;0,251158767;0,115656875
65;Mayora Indah;MYOR;2021;-0,229489164;0,088982171;0,156013307;0,063513495
65;Mayora Indah;MYOR;2022;0,249121045;0,109225059;0,189573277;0,07933362
66;Perusahaan Gas Negara (Persero);PGAS;2018;0,231736057;0,045928392;0,113882113;0,09421523
66;Perusahaan Gas Negara (Persero);PGAS;2019;0,050382653;0,015322134;0,034932134;0,029355497
66;Perusahaan Gas Negara (Persero);PGAS;2020;-0,157862781;-0,02863916;-0,073006776;-0,074775362
66;Perusahaan Gas Negara (Persero);PGAS;2021;-0,169430425;0,048533687;0,110971822;0,120066533
66;Perusahaan Gas Negara (Persero);PGAS;2022;0,376736111;0,055781774;0,116609187;0,112465021
67;Bank Pan Indonesia;PNBN;2018;-0,139269406;0,015381704;0,078217976;0,185170357
67;Bank Pan Indonesia;PNBN;2019;0,16622458;0,016557066;0,078716563;0,197368654
67;Bank Pan Indonesia;PNBN;2020;-0,20242608;0,014326806;0,065827711;0,193026134
67;Bank Pan Indonesia;PNBN;2021;-0,27756654;0,008886596;0,037426577;0,126642435
67;Bank Pan Indonesia;PNBN;2022;2,157894737;0,015407339;0,064535924;0,235363194
68;Paninvest;PNIN;2018;0,193181818;0,070999814;0,083200211;0,545982785
68;Paninvest;PNIN;2019;0,042857143;0,071223664;0,0823666;0,584701334
68;Paninvest;PNIN;2020;-0,210045662;0,056481053;0,065019086;0,768176293
68;Paninvest;PNIN;2021;-0,213872832;0,04219044;0,048251704;0,628556806
68;Paninvest;PNIN;2022;0,830882353;0,067440946;0,076300955;1,070142377
69;Panin Financial;PNLF;2018;0,078512397;0,07586647;0,091469976;0,523517733
69;Panin Financial;PNLF;2019;0,126436782;0,076003954;0,090002952;0,568435618
69;Panin Financial;PNLF;2020;-0,183673469;0,067470822;0,079385667;0,865439262
69;Panin Financial;PNLF;2021;-0,3;0,048187046;0,056204736;0,692337518
69;Panin Financial;PNLF;2022;1,130952381;0,062028543;0,071371406;0,962628267
70;Tambang Batubara Bukit Asam;PTBA;2018;0,923902439;0,21185315;0,314763841;0,241938569
70;Tambang Batubara Bukit Asam;PTBA;2019;-0,319472617;0,154815923;0,219314561;0,185444963
70;Tambang Batubara Bukit Asam;PTBA;2020;0,216840537;0,100093591;0,142151198;0,138984145
70;Tambang Batubara Bukit Asam;PTBA;2021;-0,005511329;0,222482396;0,331367175;0,274657717
70;Tambang Batubara Bukit Asam;PTBA;2022;0,599753695;0,281738325;0,441949325;0,299644771
71;PP (Persero);PTPP;2018;-0,301443299;0,039022326;0,138128065;0,077986756
71;PP (Persero);PTPP;2019;-0,10094451;0,018717658;0,070443027;0,044463771
71;PP (Persero);PTPP;2020;0,224556796;0,005840964;0,0224335;0,019705095
71;PP (Persero);PTPP;2021;-0,469168901;0,006503455;0,02522109;0,021559494
71;PP (Persero);PTPP;2022;-0,277777778;0,006348323;0,024677196;0,019329094
72;Pakuwon Jati;PWON;2018;-0,083969466;0,112998641;0,184626437;0,399237396
72;Pakuwon Jati;PWON;2019;-0,071666667;0,124156959;0,179045093;0,449875035
72;Pakuwon Jati;PWON;2020;-0,105924596;0,042291848;0,063583158;0,281367865
72;Pakuwon Jati;PWON;2021;-0,090361446;0,05369639;0,080821775;0,271311045
72;Pakuwon Jati;PWON;2022;-0,008830022;0,059832691;0,088377256;0,305829297
73;Rukun Raharja;RAJA;2018;0,089068826;0,065059157;0,09436454;0,10526806
73;Rukun Raharja;RAJA;2019;-0,405204461;0,035119902;0,051645871;0,051886908
73;Rukun Raharja;RAJA;2020;0,4875;0,01514015;0,020471253;0,025545745
73;Rukun Raharja;RAJA;2021;-0,264705882;0,013828206;0,027142595;0,034601512
73;Rukun Raharja;RAJA;2022;4,891428571;0,041607966;0,081462553;0,085557994
74;Surya Citra Media;SCMA;2018;-0,225512528;0,276806417;0,334622334;0,34568554
74;Surya Citra Media;SCMA;2019;-0,214705882;0,198098179;0,242424739;0,240898656
74;Surya Citra Media;SCMA;2020;0,625468165;0,215678944;0,374553135;0,286110278
74;Surya Citra Media;SCMA;2021;-0,288018433;0,17677214;0,234871696;0,29550475
74;Surya Citra Media;SCMA;2022;-0,362459547;0,10054019;0,12651189;0,154479547
75;Industri Jamu dan Farmasi Sido Muncul;SIDO;2018;0,628712871;0,198898439;0,228707296;0,240238455
75;Industri Jamu dan Farmasi Sido Muncul;SIDO;2019;0,647416413;0,2288358;0,263545259;0,263310963
75;Industri Jamu dan Farmasi Sido Muncul;SIDO;2020;0,313653137;0,242632061;0,289910421;0,280030257
75;Industri Jamu dan Farmasi Sido Muncul;SIDO;2021;0,130617978;0,30988137;0,363247133;0,313579774
75;Industri Jamu dan Farmasi Sido Muncul;SIDO;2022;-0,088198758;0,270667573;0,315139603;0,285786425
76;Samudera Indonesia;SMDR;2018;-0,111111111;0,012359326;0,024175559;0,01536545
76;Samudera Indonesia;SMDR;2019;-0,125;-0,116423445;-0,243970327;-0,13721076
76;Samudera Indonesia;SMDR;2020;0,166666667;-0,004040805;-0,009595897;-0,004726601
76;Samudera Indonesia;SMDR;2021;2,673469388;0,167728156;0,364276173;0,206677485
76;Samudera Indonesia;SMDR;2022;0,955555556;0,283503336;0,505809907;0,284108049
77;Semen Indonesia (Persero);SMGR;2018;0,179446098;0,060761538;0,094609051;0,10055206
77;Semen Indonesia (Persero);SMGR;2019;0,062487871;0,030475805;0,069964544;0,058740258
77;Semen Indonesia (Persero);SMGR;2020;0,039817352;0,03284759;0,069025758;0,076036854
77;Semen Indonesia (Persero);SMGR;2021;-0,405761461;0,026470383;0,049381584;0,057686737
77;Semen Indonesia (Persero);SMGR;2022;-0,069021578;0,031040649;0,052902558;0,06869652
78;Summarecon Agung;SMRA;2018;-0,144104803;0,029656652;0,076260898;0,12206324
78;Summarecon Agung;SMRA;2019;0,253826531;0,025080807;0,064860861;0,103163918
78;Summarecon Agung;SMRA;2020;-0,22380468;0,051197689;0,140435835;0,253677932
78;Summarecon Agung;SMRA;2021;0,070773263;0,059810357;0,13873553;0,279813218
78;Summarecon Agung;SMRA;2022;-0,268053856;0,060068932;0,145361702;0,298653611
79;Saratoga Investama Sedaya;SRTG;2018;0,083061889;-0,304996271;-0,38430218;0,992879107
79;Saratoga Investama Sedaya;SRTG;2019;-0,018045113;0,275499869;0,322472996;0,885779761
79;Saratoga Investama Sedaya;SRTG;2020;0,408882083;0,251733288;0,28101411;0,965845649
79;Saratoga Investama Sedaya;SRTG;2021;1,857608696;0,407051282;0,444380969;0,955143701
79;Saratoga Investama Sedaya;SRTG;2022;-0,080258653;0,07254081;0,077337167;0,734169179
80;Sawit Sumbermas Sarana;SSMS;2018;-0,150582363;0,010959535;0,030423671;0,033362078
80;Sawit Sumbermas Sarana;SSMS;2019;-0,322233105;0,002181597;0,006371;0,007871133
80;Sawit Sumbermas Sarana;SSMS;2020;0,479768786;0,012727088;0,033382607;0,040537508
80;Sawit Sumbermas Sarana;SSMS;2021;-0,201171875;0,000281576;0,000638559;0,000749553
80;Sawit Sumbermas Sarana;SSMS;2022;0,7200489;-0,001818221;-0,003941651;-0,003498044
81;Tower Bersama Infrastructure;TBIG;2018;-0,421383648;0,024391683;0,20844335;0,162710451
81;Tower Bersama Infrastructure;TBIG;2019;0,777950311;0,028544592;0,173442006;0,18432758
81;Tower Bersama Infrastructure;TBIG;2020;0,36069869;0,029687813;0,122461164;0,20019896
81;Tower Bersama Infrastructure;TBIG;2021;0,196405648;0,038724186;0,172698646;0,259142987
81;Tower Bersama Infrastructure;TBIG;2022;0,213519313;0,039704811;0,163552578;0,258935688
82;Timah (Persero);TINS;2018;-0,004360465;0,008691133;0,021515522;0,012007704
82;Timah (Persero);TINS;2019;0,115328467;-0,030021888;-0,116248939;-0,031604675
82;Timah (Persero);TINS;2020;0,79973822;-0,023461154;-0,068945875;-0,022384493
82;Timah (Persero);TINS;2021;-0,020363636;0,088683138;0,206524455;0,08919304
82;Timah (Persero);TINS;2022;-0,170007424;0,079709567;0,147909308;0,083296406
83;Pabrik Kertas Tjiwi Kimia;TKIM;2018;2,886944347;0,082863984;0,198915155;0,232714529
83;Pabrik Kertas Tjiwi Kimia;TKIM;2019;-0,088878883;0,054370898;0,120190572;0,159010601
83;Pabrik Kertas Tjiwi Kimia;TKIM;2020;-0,037754497;0,04825589;0,097810315;0,171148298
83;Pabrik Kertas Tjiwi Kimia;TKIM;2021;-0,233463435;0,078562844;0,14127282;0,242483405
83;Pabrik Kertas Tjiwi Kimia;TKIM;2022;-0,059493501;0,130683741;0,208815973;0,405124169
84;Telkom Indonesia (Persero);TLKM;2018;-0,147802198;0,143655852;0,272763118;0,206286702
84;Telkom Indonesia (Persero);TLKM;2019;0,073178594;0,135574566;0,27713663;0,203530358
84;Telkom Indonesia (Persero);TLKM;2020;-0,123760889;0,129332709;0,288343558;0,216639064
84;Telkom Indonesia (Persero);TLKM;2021;0,282139184;0,133953621;0,279072062;0,237050485
84;Telkom Indonesia (Persero);TLKM;2022;-0,037967914;0,10846905;0,214145353;0,187908164
85;Sarana Menara Nusantara;TOWR;2018;-0,101040119;0,09582484;0,273872506;0,374938223
85;Sarana Menara Nusantara;TOWR;2019;0,203305785;0,085054779;0,268600324;0,364578653
85;Sarana Menara Nusantara;TOWR;2020;0,233516484;0,083318005;0,280204242;0,383270207
85;Sarana Menara Nusantara;TOWR;2021;0,200445434;0,052376851;0,285848118;0,399279701
85;Sarana Menara Nusantara;TOWR;2022;0,000927644;0,053279919;0,242269077;0,316835362
86;Chandra Asri Petrochemical;TPIA;2018;-0,000685871;0,057449757;0,102998909;0,071687102
86;Chandra Asri Petrochemical;TPIA;2019;0,759094029;0,00727329;0,013428227;0,012571578
86;Chandra Asri Petrochemical;TPIA;2020;-0,125243855;0,014342293;0,028379518;0,028532299
86;Chandra Asri Petrochemical;TPIA;2021;-0,185994648;0,030416017;0,05178873;0,058854259
86;Chandra Asri Petrochemical;TPIA;2022;0,404383562;-0,03030485;-0,053183824;-0,062651834
87;United Tractors;UNTR;2018;-0,205561836;0,098884661;0,201547277;0,135875277
87;United Tractors;UNTR;2019;-0,172064432;0,099671512;0,182206309;0,131879403
87;United Tractors;UNTR;2020;0,303932353;0,05643658;0,089195251;0,093334303
87;United Tractors;UNTR;2021;-0,138292824;0,094244307;0,147700638;0,133503648
87;United Tractors;UNTR;2022;0,244493392;0,163681409;0,256872869;0,186021726
88;Unilever Indonesia;UNVR;2018;-0,170452133;0,446745708;1,229821235;0,21723841
88;Unilever Indonesia;UNVR;2019;-0,048618219;0,358014528;1,39965922;0,17223866
88;Unilever Indonesia;UNVR;2020;-0,103415815;0,348884776;1,451083654;0,166713209
88;Unilever Indonesia;UNVR;2021;-0,422528874;0,30197189;1,332561907;0,145602589
88;Unilever Indonesia;UNVR;2022;0,180779221;0,292881319;1,342256693;0,130158422
89;Wijaya Karya;WIKA;2018;0,086170952;0,03500422;0,120433463;0,066541084
89;Wijaya Karya;WIKA;2019;0,224568138;0,04219899;0,136399429;0,096315117
89;Wijaya Karya;WIKA;2020;0,037095089;0,004732739;0,01935131;0,019492958
89;Wijaya Karya;WIKA;2021;-0,443324937;0,003003749;0,012298482;0,012039775
89;Wijaya Karya;WIKA;2022;-0,2760181;0,000167658;0,000719479;0,000585919
