Nomer;Perusahaan;Code;Tahun;RS;ROA;ROE;NPM
1;Adhi Karya (Persero);ADHI;2018;-0,148839842;0,021435516;0,102625471;0,041201431
1;Adhi Karya (Persero);ADHI;2019;-0,240691489;0,01793874;0,095847166;0,042791612
1;Adhi Karya (Persero);ADHI;2020;0,3441331;0,000622226;0,004251804;0,002189111
1;Adhi Karya (Persero);ADHI;2021;-0,416938111;0,002167901;0,015288879;0,007501861
1;Adhi Karya (Persero);ADHI;2022;-0,459217877;0,004381738;0,019856545;0,012931572
2;Bank Rakyat Indonesia Agroniaga;AGRO;2018;-0,405405405;0,008759367;0,046157278;0,122748723
2;Bank Rakyat Indonesia Agroniaga;AGRO;2019;-0,357142857;0,001886403;0,011393211;0,024849161
2;Bank Rakyat Indonesia Agroniaga;AGRO;2020;4,227272727;0,001115847;0,007290872;0,016184621
2;Bank Rakyat Indonesia Agroniaga;AGRO;2021;0,748792271;-0,180576707;-1,239267141;-1,849033958
2;Bank Rakyat Indonesia Agroniaga;AGRO;2022;-0,77679558;0,000824605;0,003381736;0,011127509
3;Sumber Alfaria Trijaya;AMRT;2018;0,545454545;0,030155507;0,111079278;0,010003786
3;Sumber Alfaria Trijaya;AMRT;2019;-0,061085973;0,047468871;0,165432483;0,015612971
3;Sumber Alfaria Trijaya;AMRT;2020;-0,065060241;0,048912317;0,157879868;0,016686286
3;Sumber Alfaria Trijaya;AMRT;2021;0,534793814;0,071722113;0,208219463;0,023120737
3;Sumber Alfaria Trijaya;AMRT;2022;1,204869857;0,094563619;0,253470192;0,029997291
4;Bank Artos Indonesia;ARTO;2018;0,095238095;-0,027612032;-0,15881793;-0,667357551
4;Bank Artos Indonesia;ARTO;2019;15,84782609;-0,089924205;-0,174396157;-10,33
4;Bank Artos Indonesia;ARTO;2020;0,150322581;-0,086962406;-0,15382774;-2,932476332
4;Bank Artos Indonesia;ARTO;2021;3,486819966;0,006986765;0,01042784;0,145868165
4;Bank Artos Indonesia;ARTO;2022;-0,7675;0,000937974;0,001925637;0,011761306
5;Astra International;ASII;2018;0,017681114;0,079405647;0,156982846;0,114429046
5;Astra International;ASII;2019;-0,132533825;0,075636866;0,14253894;0,112246275
5;Astra International;ASII;2020;-0,096419709;0,054910808;0,095014684;0,106092113
5;Astra International;ASII;2021;-0,031188701;0,069657593;0,118665213;0,109583057
5;Astra International;ASII;2022;0,040291557;0,097798919;0,165846053;0,134116843
6;Adi Sarana Armada;ASSA;2018;0,87628866;0,035013114;0,124947844;0,076353301
6;Adi Sarana Armada;ASSA;2019;1,032967033;0,018892717;0,068463822;0,039248623
6;Adi Sarana Armada;ASSA;2020;-0,141891892;0,012309245;0,044393186;0,021036697
6;Adi Sarana Armada;ASSA;2021;4,228346457;0,026455969;0,090388149;0,031363611
6;Adi Sarana Armada;ASSA;2022;-0,766566265;0,000509601;0,001499075;0,000630995
7;Bank Central Asia;BBCA;2018;0,200252207;0,031343812;0,170355776;0,410127868
7;Bank Central Asia;BBCA;2019;0,301323808;0,031088511;0,164060571;0,39889421
7;Bank Central Asia;BBCA;2020;0,033424834;0,025239617;0,146966949;0,361165436
7;Bank Central Asia;BBCA;2021;0,09703125;0,025595415;0,154992137;0,400647356
7;Bank Central Asia;BBCA;2022;0,19384703;0,030999474;0,184264542;0,46591065
8;Bank Bukopin;BBKP;2018;-0,538983051;0,001986221;0,022103833;0,023803104
8;Bank Bukopin;BBKP;2019;-0,176470588;0,002161778;0,02433882;0,027914097
8;Bank Bukopin;BBKP;2020;1,566964286;-0,04907354;-0,463343279;-0,738997462
8;Bank Bukopin;BBKP;2021;-0,530434783;-0,035240725;-0,238077227;-0,745450924
8;Bank Bukopin;BBKP;2022;-0,622222222;-0,057176908;-0,458753429;-1,246322908
9;Bank Negara Indonesia ;BBNI;2018;-0,058887976;0,019308813;0,136735101;0,278763922
9;Bank Negara Indonesia ;BBNI;2019;-0,064027939;0,0190647;0,12406803;0,264966172
9;Bank Negara Indonesia ;BBNI;2020;-0,16449005;0,003865637;0,029422709;0,05912093
9;Bank Negara Indonesia ;BBNI;2021;0,11016003;0,011377039;0,086760986;0,219425899
9;Bank Negara Indonesia ;BBNI;2022;0,418370768;0,017946529;0,131827843;0,338132787
10;Bank Rakyat Indonesia (Persero);BBRI;2018;0,033390119;0,024996938;0,174974649;0,417410207
10;Bank Rakyat Indonesia (Persero);BBRI;2019;0,241015496;0,024290531;0,164829535;0,421184189
10;Bank Rakyat Indonesia (Persero);BBRI;2020;-0,018862912;0,011589836;0,081320637;0,199397017
10;Bank Rakyat Indonesia (Persero);BBRI;2021;0,007040347;0,018339674;0,105473468;0,269739428
10;Bank Rakyat Indonesia (Persero);BBRI;2022;0,249798333;0,027555281;0,169442981;0,412595623
11;Bank Tabungan Negara (Persero);BBTN;2018;-0,278723404;0,009762462;0,117779792;0,135116396
11;Bank Tabungan Negara (Persero);BBTN;2019;-0,149178255;0,000713507;0,008779212;0,00899227
11;Bank Tabungan Negara (Persero);BBTN;2020;-0,184744923;0,004693987;0,080166621;0,069827882
11;Bank Tabungan Negara (Persero);BBTN;2021;0,003037667;0,006806718;0,111004166;0,101488063
11;Bank Tabungan Negara (Persero);BBTN;2022;-0,210781345;0,008070993;0,11752794;0,131065587
12;Bank Danamon Indonesia ;BDMN;2018;0,117326057;0,019120592;0,085145446;0,250754863
12;Bank Danamon Indonesia ;BDMN;2019;-0,471655329;0,019986152;0,085166347;0,265313122
12;Bank Danamon Indonesia ;BDMN;2020;-0,042588313;0,005416843;0,024892468;0,079277179
12;Bank Danamon Indonesia ;BDMN;2021;-0,241034483;0,008678144;0,036905104;0,121335564
12;Bank Danamon Indonesia ;BDMN;2022;0,189459337;0,017346975;0,072243987;0,242917847
13;BFI Finance Indonesia;BFIN;2018;-0,001908397;0,076790291;0,236621534;0,292546831
13;BFI Finance Indonesia;BFIN;2019;-0,087954111;0,037297014;0,117105263;0,135851937
13;BFI Finance Indonesia;BFIN;2020;0,044025157;0,046181172;0,10626703;0,153610503
13;BFI Finance Indonesia;BFIN;2021;1,158634538;0,072333078;0,152220727;0,274314819
13;BFI Finance Indonesia;BFIN;2022;-0,04372093;0,082398541;0,206372773;0,33568642
14;Bank Mandiri (Persero);BMRI;2018;-0,004334778;0,030153995;0,183720183;0,592727722
14;Bank Mandiri (Persero);BMRI;2019;0,074012056;0,028675767;0,166465714;0,594820236
14;Bank Mandiri (Persero);BMRI;2020;-0,134081696;0,013221372;0,089882549;0,287328272
14;Bank Mandiri (Persero);BMRI;2021;0,148361541;0,019726886;0,137548605;0,40816196
14;Bank Mandiri (Persero);BMRI;2022;0,48040138;0,025024392;0,178208832;0,497419992
15;Delta Dunia Makmur;DOID;2018;-0,265912306;0,064189189;0,290076336;0,085201794
15;Delta Dunia Makmur;DOID;2019;-0,468208092;0,016920474;0,071174377;0,022675737
15;Delta Dunia Makmur;DOID;2020;0,260869565;-0,023613963;-0,087121212;-0,03820598
15;Delta Dunia Makmur;DOID;2021;-0,25;0,000171149;0,001052632;0,000307355
15;Delta Dunia Makmur;DOID;2022;0,149425287;0,01845958;0,11328125;0,025129983
16;"	Elang Mahkota Teknologi";EMTK;2018;-0,114072495;-0,118076966;-0,149085313;-0,257318883
16;"	Elang Mahkota Teknologi";EMTK;2019;-0,335740072;-0,134346672;-0,192605197;-0,211088188
16;"	Elang Mahkota Teknologi";EMTK;2020;1,510869565;0,096029434;0,13851117;0,143879227
16;"	Elang Mahkota Teknologi";EMTK;2021;0,628427128;0,157719062;0,17879705;0,468814005
16;"	Elang Mahkota Teknologi";EMTK;2022;-0,432432432;0,122829387;0,136906403;0,351835152
17;Surya Esa Perkasa;ESSA;2018;0,666666667;0,043447846;0,127317358;0,267669092
17;Surya Esa Perkasa;ESSA;2019;-0,167213115;0,000657872;0,001909634;0,002654217
17;Surya Esa Perkasa;ESSA;2020;-0,216535433;-0,042381002;-0,107665662;-0,191255398
17;Surya Esa Perkasa;ESSA;2021;1,522613065;0,017736491;0,047722429;0,047304712
17;Surya Esa Perkasa;ESSA;2022;0,737051793;0,027415057;0,043379447;0,031155587
18;Gudang Garam;GGRM;2018;0,036996689;0,112784105;0,172667866;0,083726772
18;Gudang Garam;GGRM;2019;-0,344423864;0,138312966;0,21363719;0,100066222
18;Gudang Garam;GGRM;2020;-0,226432201;0,097807791;0,13068022;0,067938602
18;Gudang Garam;GGRM;2021;-0,200746838;0,062306011;0,094543501;0,045541118
18;Gudang Garam;GGRM;2022;-0,412679467;0,031316585;0,048045901;0,022563014
19;HM Sampoerna;HMSP;2018;-0,191146881;0,290502554;0,382883647;0,126829177
19;HM Sampoerna;HMSP;2019;-0,413290689;0,269571538;0,384585202;0,129385696
19;HM Sampoerna;HMSP;2020;-0,236220472;0,172746306;0,283753844;0,092842846
19;HM Sampoerna;HMSP;2021;-0,321966693;0,134432096;0,244493166;0,072182048
19;HM Sampoerna;HMSP;2022;-0,07251462;0,115428843;0,224494143;0,056864878
20;Indika Energy;INDY;2018;-0,450980392;0,026665744;0,086819898;0,033029573
20;Indika Energy;INDY;2019;-0,194250871;0,001380469;0,004773498;0,001793957
20;Indika Energy;INDY;2020;0,632432432;-0,029609566;-0,119275173;-0,057032483
20;Indika Energy;INDY;2021;-0,106622517;0,017151947;0,071647696;0,020629742
20;Indika Energy;INDY;2022;0,841363973;0,055803339;0,149644859;0,046263936
21;Jasa Marga;JSMR;2018;-0,322358722;0,024703042;0,100797069;0,208094849
21;Jasa Marga;JSMR;2019;0,219240996;0,020806581;0,08945053;0,188820102
21;Jasa Marga;JSMR;2020;-0,102101507;-0,000403509;-0,001695189;-0,004380476
21;Jasa Marga;JSMR;2021;-0,159858688;0,008603064;0,034156863;0,073963995
21;Jasa Marga;JSMR;2022;-0,23390276;0,025499512;0,090706842;0,168613509
22;Merdeka Copper Gold ;MDKA;2018;0,707317073;0,072565484;0,137138797;0,197005784
22;Merdeka Copper Gold ;MDKA;2019;0,528571429;0,072855341;0,13220145;0,17238806
22;Merdeka Copper Gold ;MDKA;2020;1,271028037;0,03108864;0,051277502;0,089779435
22;Merdeka Copper Gold ;MDKA;2021;0,600823045;0,026122321;0,042853477;0,087664042
22;Merdeka Copper Gold ;MDKA;2022;0,059125964;0,016715679;0,032003161;0,074491321
23;Medco Energi Internasional;MEDC;2018;-0,23154848;-0,005401728;-0,020451811;-0,023289125
23;Medco Energi Internasional;MEDC;2019;0,263653484;0,002258432;0,01007192;0,009845746
23;Medco Energi Internasional;MEDC;2020;-0,193740686;-0,001129291;-0,005493727;-0,006097282
23;Medco Energi Internasional;MEDC;2021;-0,210720887;0,002824302;0,013058269;0,0128208
23;Medco Energi Internasional;MEDC;2022;1,31381733;0,00198791;0,007885465;0,005959622
24;Bank Pan Indonesia;PNBN;2018;-0,139269406;0,015381704;0,078217976;0,185170357
24;Bank Pan Indonesia;PNBN;2019;0,16622458;0,016557066;0,078716563;0,197368654
24;Bank Pan Indonesia;PNBN;2020;-0,20242608;0,014326806;0,065827711;0,193026134
24;Bank Pan Indonesia;PNBN;2021;-0,27756654;0,008886596;0,037426577;0,126642435
24;Bank Pan Indonesia;PNBN;2022;2,157894737;0,015407339;0,064535924;0,235363194
25;Paninvest;PNIN;2018;0,193181818;0,070999814;0,083200211;0,545982785
25;Paninvest;PNIN;2019;0,042857143;0,071223664;0,0823666;0,584701334
25;Paninvest;PNIN;2020;-0,210045662;0,056481053;0,065019086;0,768176293
25;Paninvest;PNIN;2021;-0,213872832;0,04219044;0,048251704;0,628556806
25;Paninvest;PNIN;2022;0,830882353;0,067440946;0,076300955;1,070142377
26;Panin Financial;PNLF;2018;0,078512397;0,07586647;0,091469976;0,523517733
26;Panin Financial;PNLF;2019;0,126436782;0,076003954;0,090002952;0,568435618
26;Panin Financial;PNLF;2020;-0,183673469;0,067470822;0,079385667;0,865439262
26;Panin Financial;PNLF;2021;-0,3;0,048187046;0,056204736;0,692337518
26;Panin Financial;PNLF;2022;1,130952381;0,062028543;0,071371406;0,962628267
27;Saratoga Investama Sedaya;SRTG;2018;0,083061889;-0,304996271;-0,38430218;0,992879107
27;Saratoga Investama Sedaya;SRTG;2019;-0,018045113;0,275499869;0,322472996;0,885779761
27;Saratoga Investama Sedaya;SRTG;2020;0,408882083;0,251733288;0,28101411;0,965845649
27;Saratoga Investama Sedaya;SRTG;2021;1,857608696;0,407051282;0,444380969;0,955143701
27;Saratoga Investama Sedaya;SRTG;2022;-0,080258653;0,07254081;0,077337167;0,734169179
28;Sawit Sumbermas Sarana;SSMS;2018;-0,150582363;0,010959535;0,030423671;0,033362078
28;Sawit Sumbermas Sarana;SSMS;2019;-0,322233105;0,002181597;0,006371;0,007871133
28;Sawit Sumbermas Sarana;SSMS;2020;0,479768786;0,012727088;0,033382607;0,040537508
28;Sawit Sumbermas Sarana;SSMS;2021;-0,201171875;0,000281576;0,000638559;0,000749553
28;Sawit Sumbermas Sarana;SSMS;2022;0,7200489;-0,001818221;-0,003941651;-0,003498044
29;Tower Bersama Infrastructure;TBIG;2018;-0,421383648;0,024391683;0,20844335;0,162710451
29;Tower Bersama Infrastructure;TBIG;2019;0,777950311;0,028544592;0,173442006;0,18432758
29;Tower Bersama Infrastructure;TBIG;2020;0,36069869;0,029687813;0,122461164;0,20019896
29;Tower Bersama Infrastructure;TBIG;2021;0,196405648;0,038724186;0,172698646;0,259142987
29;Tower Bersama Infrastructure;TBIG;2022;0,213519313;0,039704811;0,163552578;0,258935688
30;Sarana Menara Nusantara;TOWR;2018;-0,101040119;0,09582484;0,273872506;0,374938223
30;Sarana Menara Nusantara;TOWR;2019;0,203305785;0,085054779;0,268600324;0,364578653
30;Sarana Menara Nusantara;TOWR;2020;0,233516484;0,083318005;0,280204242;0,383270207
30;Sarana Menara Nusantara;TOWR;2021;0,200445434;0,052376851;0,285848118;0,399279701
30;Sarana Menara Nusantara;TOWR;2022;0,000927644;0,053279919;0,242269077;0,316835362
